Datetime,Water Level (m)
2025-05-15 12:00:00,0.25175858
2025-05-15 13:00:00,0.1384217
2025-05-15 14:00:00,0.023481436
2025-05-15 15:00:00,-0.08485347
2025-05-15 16:00:00,-0.14280662
2025-05-15 17:00:00,-0.008552018
2025-05-15 18:00:00,0.21730968
2025-05-15 19:00:00,0.3869325
2025-05-15 20:00:00,0.4636983
2025-05-15 21:00:00,0.45235613
2025-05-15 22:00:00,0.33316094
2025-05-15 23:00:00,0.165792
2025-05-16 00:00:00,0.029365053
2025-05-16 01:00:00,-0.09014279
2025-05-16 02:00:00,-0.22505325
2025-05-16 03:00:00,-0.33150005
2025-05-16 04:00:00,-0.3551604
2025-05-16 05:00:00,-0.13389924
2025-05-16 06:00:00,0.15673251
2025-05-16 07:00:00,0.38769263
2025-05-16 08:00:00,0.55471593
2025-05-16 09:00:00,0.6678706
2025-05-16 10:00:00,0.6731124
2025-05-16 11:00:00,0.5396983
2025-05-16 12:00:00,0.3885223
2025-05-16 13:00:00,0.27162504
2025-05-16 14:00:00,0.16143948
2025-05-16 15:00:00,0.053542364
2025-05-16 16:00:00,-0.03803885
2025-05-16 17:00:00,-0.0112934215
2025-05-16 18:00:00,0.1872455
2025-05-16 19:00:00,0.3763421
2025-05-16 20:00:00,0.4698352
2025-05-16 21:00:00,0.48518464
2025-05-16 22:00:00,0.41200116
2025-05-16 23:00:00,0.26243106
2025-05-17 00:00:00,0.116754904
2025-05-17 01:00:00,0.0009809211
2025-05-17 02:00:00,-0.11816388
2025-05-17 03:00:00,-0.23482558
2025-05-17 04:00:00,-0.31892166
2025-05-17 05:00:00,-0.26425424
2025-05-17 06:00:00,-0.003149098
2025-05-17 07:00:00,0.28275245
2025-05-17 08:00:00,0.47319332
2025-05-17 09:00:00,0.6222374
2025-05-17 10:00:00,0.69349825
2025-05-17 11:00:00,0.63121974
2025-05-17 12:00:00,0.47769278
2025-05-17 13:00:00,0.35267717
2025-05-17 14:00:00,0.24581882
2025-05-17 15:00:00,0.14410307
2025-05-17 16:00:00,0.05193274
2025-05-17 17:00:00,-0.0052697374
2025-05-17 18:00:00,0.076125465
2025-05-17 19:00:00,0.27572164
2025-05-17 20:00:00,0.4283786
2025-05-17 21:00:00,0.48461372
2025-05-17 22:00:00,0.4797562
2025-05-17 23:00:00,0.39743456
2025-05-18 00:00:00,0.25234437
2025-05-18 01:00:00,0.115759164
2025-05-18 02:00:00,0.010559267
2025-05-18 03:00:00,-0.09881647
2025-05-18 04:00:00,-0.19592291
2025-05-18 05:00:00,-0.23407327
2025-05-18 06:00:00,-0.08935242
2025-05-18 07:00:00,0.16006097
2025-05-18 08:00:00,0.38197163
2025-05-18 09:00:00,0.5397911
2025-05-18 10:00:00,0.6611088
2025-05-18 11:00:00,0.7078585
2025-05-18 12:00:00,0.6272286
2025-05-18 13:00:00,0.4800552
2025-05-18 14:00:00,0.35567272
2025-05-18 15:00:00,0.24964441
2025-05-18 16:00:00,0.1502114
2025-05-18 17:00:00,0.056172375
2025-05-18 18:00:00,0.011757526
2025-05-18 19:00:00,0.09776047
2025-05-18 20:00:00,0.2602511
2025-05-18 21:00:00,0.3740337
2025-05-18 22:00:00,0.4105781
2025-05-18 23:00:00,0.38519233
2025-05-19 00:00:00,0.2979282
2025-05-19 01:00:00,0.18196352
2025-05-19 02:00:00,0.07538048
2025-05-19 03:00:00,-0.016893009
2025-05-19 04:00:00,-0.10352537
2025-05-19 05:00:00,-0.18494837
2025-05-19 06:00:00,-0.20011148
2025-05-19 07:00:00,-0.039974574
2025-05-19 08:00:00,0.20411375
2025-05-19 09:00:00,0.41160727
2025-05-19 10:00:00,0.558606
2025-05-19 11:00:00,0.66482013
2025-05-19 12:00:00,0.6936257
2025-05-19 13:00:00,0.605584
2025-05-19 14:00:00,0.46862045
2025-05-19 15:00:00,0.35143992
2025-05-19 16:00:00,0.24663009
2025-05-19 17:00:00,0.14992538
2025-05-19 18:00:00,0.05963622
2025-05-19 19:00:00,0.011696104
2025-05-19 20:00:00,0.085334755
2025-05-19 21:00:00,0.25068948
2025-05-19 22:00:00,0.3790417
2025-05-19 23:00:00,0.4294288
2025-05-20 00:00:00,0.43180928
2025-05-20 01:00:00,0.3731855
2025-05-20 02:00:00,0.26733246
2025-05-20 03:00:00,0.15732986
2025-05-20 04:00:00,0.07167151
2025-05-20 05:00:00,-0.008016769
2025-05-20 06:00:00,-0.066783816
2025-05-20 07:00:00,-0.074942335
2025-05-20 08:00:00,0.06220171
2025-05-20 09:00:00,0.28849512
2025-05-20 10:00:00,0.48768488
2025-05-20 11:00:00,0.6260703
2025-05-20 12:00:00,0.716258
2025-05-20 13:00:00,0.73571557
2025-05-20 14:00:00,0.6496866
2025-05-20 15:00:00,0.52796245
2025-05-20 16:00:00,0.4274697
2025-05-20 17:00:00,0.33076948
2025-05-20 18:00:00,0.23129933
2025-05-20 19:00:00,0.13861959
2025-05-20 20:00:00,0.08192349
2025-05-20 21:00:00,0.1447583
2025-05-20 22:00:00,0.32341024
2025-05-20 23:00:00,0.46346653
2025-05-21 00:00:00,0.51889914
2025-05-21 01:00:00,0.52847576
2025-05-21 02:00:00,0.50036097
2025-05-21 03:00:00,0.41048297
2025-05-21 04:00:00,0.301399
2025-05-21 05:00:00,0.213205
2025-05-21 06:00:00,0.12594782
2025-05-21 07:00:00,0.046356656
2025-05-21 08:00:00,-0.004483655
2025-05-21 09:00:00,0.05440982
2025-05-21 10:00:00,0.27224243
2025-05-21 11:00:00,0.49307904
2025-05-21 12:00:00,0.63408643
